Data;Histórico;Valor
20/01/2026;TRANSFERENCIA RECEBIDA BANCO A;30.000,00
25/01/2026;TARIFA BANCARIA;-89,90
28/01/2026;RENDIMENTO APLICACAO AUTOMATICA;350,00
20/02/2026;TRANSFERENCIA RECEBIDA BANCO A;30.000,00
25/02/2026;TARIFA BANCARIA;-89,90
28/02/2026;RENDIMENTO APLICACAO AUTOMATICA;350,00
20/03/2026;TRANSFERENCIA RECEBIDA BANCO A;30.000,00
25/03/2026;TARIFA BANCARIA;-89,90
28/03/2026;RENDIMENTO APLICACAO AUTOMATICA;350,00
20/04/2026;TRANSFERENCIA RECEBIDA BANCO A;30.000,00
25/04/2026;TARIFA BANCARIA;-89,90
28/04/2026;RENDIMENTO APLICACAO AUTOMATICA;350,00
20/05/2026;TRANSFERENCIA RECEBIDA BANCO A;30.000,00
25/05/2026;TARIFA BANCARIA;-89,90
28/05/2026;RENDIMENTO APLICACAO AUTOMATICA;350,00
20/06/2026;TRANSFERENCIA RECEBIDA BANCO A;30.000,00
25/06/2026;TARIFA BANCARIA;-89,90
28/06/2026;RENDIMENTO APLICACAO AUTOMATICA;350,00
20/07/2026;TRANSFERENCIA RECEBIDA BANCO A;30.000,00
25/07/2026;TARIFA BANCARIA;-89,90
28/07/2026;RENDIMENTO APLICACAO AUTOMATICA;350,00
20/08/2026;TRANSFERENCIA RECEBIDA BANCO A;30.000,00
25/08/2026;TARIFA BANCARIA;-89,90
28/08/2026;RENDIMENTO APLICACAO AUTOMATICA;350,00
20/09/2026;TRANSFERENCIA RECEBIDA BANCO A;30.000,00
25/09/2026;TARIFA BANCARIA;-89,90
28/09/2026;RENDIMENTO APLICACAO AUTOMATICA;350,00
20/10/2026;TRANSFERENCIA RECEBIDA BANCO A;30.000,00
25/10/2026;TARIFA BANCARIA;-89,90
28/10/2026;RENDIMENTO APLICACAO AUTOMATICA;350,00
20/11/2026;TRANSFERENCIA RECEBIDA BANCO A;30.000,00
25/11/2026;TARIFA BANCARIA;-89,90
28/11/2026;RENDIMENTO APLICACAO AUTOMATICA;350,00
20/12/2026;TRANSFERENCIA RECEBIDA BANCO A;30.000,00
25/12/2026;TARIFA BANCARIA;-89,90
28/12/2026;RENDIMENTO APLICACAO AUTOMATICA;350,00